university,major,error
Charter College,Veterinary/Animal Health Technology/Technician and Veterinary Assistant,
Charter College,"Administrative Assistant and Secretarial Science, General",
Charter College,"Business Administration and Management, General",
Charter College,"Computer and Information Sciences, General",
Charter College,Computer Systems Networking and Telecommunications,
Charter College,"Construction Trades, General",
Charter College,CAD/CADD Drafting and/or Design Technology/Technician,
Charter College,Dental Assisting/Assistant,
Charter College,"Health Services/Allied Health/Health Sciences, General",
Charter College,Health Unit Coordinator/Ward Clerk,
Charter College,Health/Health Care Administration/Management,
Charter College,Medical Insurance Coding Specialist/Coder,
Charter College,Medical Office Management/Administration,
Charter College,Medical/Clinical Assistant,
Charter College,Pharmacy Technician/Assistant,
Charter College,Phlebotomy Technician/Phlebotomist,
Charter College,Registered Nursing/Registered Nurse,
Charter College,Cybersecurity Defense Strategy/Policy,
Charter College,"Heating, Air Conditioning, Ventilation and Refrigeration Maintenance Technology/Technician",
Charter College,Welding Technology/Welder,
Alaska Career College,"Business, Management, Marketing, and Related Support Services",
Alaska Career College,Accounting and Business/Management,
Alaska Career College,"Business Administration and Management, General",
Alaska Career College,"Human Resources Management/Personnel Administration, General",
Alaska Career College,Health Professions and Related Programs,
Alaska Career College,Massage Therapy/Therapeutic Massage,
Alaska Career College,Medical Insurance Coding Specialist/Coder,
Alaska Career College,Medical/Clinical Assistant,
Alaska Career College,Phlebotomy Technician/Phlebotomist,
Empire Beauty School-Tucson,Aesthetician/Esthetician and Skin Care Specialist,
Empire Beauty School-Tucson,"Cosmetology, Barber/Styling, and Nail Instructor",
Empire Beauty School-Tucson,"Cosmetology/Cosmetologist, General",
Carrington College-Phoenix North,Veterinary/Animal Health Technology/Technician and Veterinary Assistant,
Carrington College-Phoenix North,"Construction Trades, General",
Carrington College-Phoenix North,Electrician,
Carrington College-Phoenix North,Dental Assisting/Assistant,
Carrington College-Phoenix North,"Health and Wellness, General",
Carrington College-Phoenix North,Medical Insurance Specialist/Medical Biller,
Carrington College-Phoenix North,Medical/Clinical Assistant,
Carrington College-Phoenix North,Pharmacy Technician/Assistant,
Carrington College-Phoenix North,Registered Nursing/Registered Nurse,
Carrington College-Phoenix North,Respiratory Therapy Technician/Assistant,
Carrington College-Phoenix North,Surgical Technology/Technologist,
Carrington College-Phoenix North,"Heating, Air Conditioning, Ventilation and Refrigeration Maintenance Technology/Technician",
Carrington College-Phoenix North,Industrial Mechanics and Maintenance Technology/Technician,
Carrington College-Mesa,Veterinary/Animal Health Technology/Technician and Veterinary Assistant,
Carrington College-Mesa,Dental Assisting/Assistant,
Carrington College-Mesa,Dental Hygiene/Hygienist,
Carrington College-Mesa,Medical Insurance Specialist/Medical Biller,
Carrington College-Mesa,Medical/Clinical Assistant,
Carrington College-Mesa,Pharmacy Technician/Assistant,
Carrington College-Mesa,Physical Therapy Assistant,
Carrington College-Tucson,Veterinary/Animal Health Technology/Technician and Veterinary Assistant,
Carrington College-Tucson,Dental Assisting/Assistant,
Carrington College-Tucson,Massage Therapy/Therapeutic Massage,
Carrington College-Tucson,Medical Insurance Specialist/Medical Biller,
Carrington College-Tucson,Medical/Clinical Assistant,
Carrington College-Tucson,Pharmacy Technician/Assistant,
Carrington College-Tucson,Registered Nursing/Registered Nurse,
Arizona Academy of Beauty,"Cosmetology/Cosmetologist, General",
Arizona Academy of Beauty,Nail Technician/Specialist and Manicurist,
Arizona Academy of Beauty,"Cosmetology, Barber/Styling, and Nail Instructor",
Miller-Motte College-Arizona Automotive Institute,"Business, Management, Marketing, and Related Support Services",
Miller-Motte College-Arizona Automotive Institute,Project Management,
Miller-Motte College-Arizona Automotive Institute,Engineering/Engineering-related Technologies/Technicians,
Miller-Motte College-Arizona Automotive Institute,"Heating, Ventilation, Air Conditioning and Refrigeration Engineering Technology/Technician",
Miller-Motte College-Arizona Automotive Institute,Mechanic and Repair Technologies/Technicians,
Miller-Motte College-Arizona Automotive Institute,Automobile/Automotive Mechanics Technology/Technician,
Miller-Motte College-Arizona Automotive Institute,Diesel Mechanics Technology/Technician,
Miller-Motte College-Arizona Automotive Institute,"Electrical/Electronics Maintenance and Repair Technologies/Technicians, Other",
Miller-Motte College-Arizona Automotive Institute,Precision Production,
Miller-Motte College-Arizona Automotive Institute,Welding Technology/Welder,
Miller-Motte College-Arizona Automotive Institute,Transportation and Materials Moving,
Miller-Motte College-Arizona Automotive Institute,Truck and Bus Driver/Commercial Vehicle Operator and Instructor,
Brookline College-Phoenix,"Business Administration and Management, General",
Brookline College-Phoenix,Clinical Laboratory Science/Medical Technology/Technologist,
Brookline College-Phoenix,Clinical/Medical Laboratory Technician,
Brookline College-Phoenix,Dental Assisting/Assistant,
Brookline College-Phoenix,"Health and Wellness, General",
Brookline College-Phoenix,Health/Health Care Administration/Management,
Brookline College-Phoenix,Medical Insurance Coding Specialist/Coder,
Brookline College-Phoenix,Medical Office Management/Administration,
Brookline College-Phoenix,Medical/Clinical Assistant,
Brookline College-Phoenix,Medical/Health Management and Clinical Assistant/Specialist,
Brookline College-Phoenix,Nursing Assistant/Aide and Patient Care Assistant/Aide,
Brookline College-Phoenix,Occupational Therapist Assistant,
Brookline College-Phoenix,Phlebotomy Technician/Phlebotomist,
Brookline College-Phoenix,Physical Therapy Assistant,
Brookline College-Phoenix,"Public Health, General",
Brookline College-Phoenix,Registered Nursing/Registered Nurse,
Brookline College-Phoenix,"Human Services, General",
Arizona State University Campus Immersion,,PARSE ERROR: No JSON list found in GPT output
Arizona Western College,"Agricultural Business and Management, General",
Arizona Western College,"Agriculture, General",
Arizona Western College,Crop Production,
Arizona Western College,Food Science,
Arizona Western College,"Plant Sciences, General",
Arizona Western College,American Indian/Native American Studies,
Arizona Western College,"Biology/Biological Sciences, General",
Arizona Western College,Accounting,
Arizona Western College,"Business Administration and Management, General",
Arizona Western College,Entrepreneurship/Entrepreneurial Studies,
Arizona Western College,"Hospitality Administration/Management, General",
Arizona Western College,Office Management and Supervision,
Arizona Western College,Organizational Leadership,
Arizona Western College,Retail Management,
Arizona Western College,"Communication and Media Studies, Other",
Arizona Western College,Radio and Television Broadcasting Technology/Technician,
Arizona Western College,"Computer and Information Sciences, General",
Arizona Western College,Computer and Information Systems Security/Auditing/Information Assurance,
Arizona Western College,Computer Graphics,
Arizona Western College,Computer Systems Networking and Telecommunications,
Arizona Western College,"Building/Construction Finishing, Management, and Inspection, Other",
Arizona Western College,Building/Home/Construction Inspection/Inspector,
Arizona Western College,Carpentry/Carpenter,
Arizona Western College,"Construction Trades, General",
Arizona Western College,Mason/Masonry,
Arizona Western College,"Plumbing and Related Water Supply Services, Other",
Arizona Western College,Plumbing Technology/Plumber,
Arizona Western College,Culinary Arts/Chef Training,
Arizona Western College,"Restaurant, Culinary, and Catering Management/Manager",
Arizona Western College,Early Childhood Education and Teaching,
Arizona Western College,Elementary Education and Teaching,
Arizona Western College,Secondary Education and Teaching,
Arizona Western College,Electrical and Electronics Engineering,
Arizona Western College,"Engineering, General",
Arizona Western College,Manufacturing Engineering,
Arizona Western College,Telecommunications Engineering,
Arizona Western College,Automotive Engineering Technology/Technician,
Arizona Western College,CAD/CADD Drafting and/or Design Technology/Technician,
Arizona Western College,Construction Engineering Technology/Technician,
Arizona Western College,"Drafting and Design Technology/Technician, General",
Arizona Western College,"Electrical, Electronic, and Communications Engineering Technology/Technician",
Arizona Western College,"Electrical/Electronic Engineering Technologies/Technicians, Other",
Arizona Western College,Electrical/Electronics Drafting and Electrical/Electronics CAD/CADD,
Arizona Western College,"Heating, Ventilation, Air Conditioning and Refrigeration Engineering Technology/Technician",
Arizona Western College,Industrial Technology/Technician,
Arizona Western College,Manufacturing Engineering Technology/Technician,
Arizona Western College,Mechanical Drafting and Mechanical Drafting CAD/CADD,
Arizona Western College,Solar Energy Technology/Technician,
Arizona Western College,Welding Engineering Technology/Technician,
Arizona Western College,"English Language and Literature, General",
Arizona Western College,Child Development,
Arizona Western College,"Family and Consumer Sciences/Human Sciences, General",
Arizona Western College,"Foreign Languages and Literatures, General",
Arizona Western College,Spanish Language and Literature,
Arizona Western College,Community Health and Preventive Medicine,
Arizona Western College,Dietetics/Dietitian,
Arizona Western College,Emergency Medical Technology/Technician (EMT Paramedic),
Arizona Western College,"Health Services/Allied Health/Health Sciences, General",
Arizona Western College,Licensed Practical/Vocational Nurse Training,
Arizona Western College,Massage Therapy/Therapeutic Massage,
Arizona Western College,Medical/Clinical Assistant,
Arizona Western College,Nursing Assistant/Aide and Patient Care Assistant/Aide,
Arizona Western College,Pre-Nursing Studies,
Arizona Western College,Radiologic Technology/Science - Radiographer,
Arizona Western College,Registered Nursing/Registered Nurse,
Arizona Western College,"History, General",
Arizona Western College,"Corrections and Criminal Justice, Other",
Arizona Western College,Criminal Justice/Law Enforcement Administration,
Arizona Western College,Fire Science/Fire-fighting,
Arizona Western College,Homeland Security,
Arizona Western College,Law Enforcement Investigation and Interviewing,
Arizona Western College,Legal Assistant/Paralegal,
Arizona Western College,General Studies,
Arizona Western College,"Mathematics, General",
Arizona Western College,Automobile/Automotive Mechanics Technology/Technician,
Arizona Western College,Ventilation and Refrigeration Maintenance Technology/Technician,
Arizona Western College,"Data Analytics, General",
Arizona Western College,Environmental Science,
Arizona Western College,Sport and Fitness Administration/Management,
Arizona Western College,"Sports, Kinesiology, and Physical Education/Fitness, General",
Arizona Western College,Philosophy,
Arizona Western College,"Chemistry, General",
Arizona Western College,"Geology/Earth Science, General",
Arizona Western College,"Physics, General",
Arizona Western College,Welding Technology/Welder,
University of Arizona,Registered Nursing/Registered Nurse,
Central Arizona College,Agricultural/Animal/Plant/Veterinary Science and Related Fields,
Central Arizona College,Agribusiness/Agricultural Business Operations,
Central Arizona College,"Agricultural Business and Management, General",
Central Arizona College,Agricultural Mechanics and Equipment/Machine Technology/Technician,
Central Arizona College,"Agricultural/Animal/Plant/Veterinary Science and Related Fields, Other",
Central Arizona College,"Agriculture, General",
Central Arizona College,Agroecology and Sustainable Agriculture,
Central Arizona College,Equestrian/Equine Studies,
Central Arizona College,Biological and Biomedical Sciences,
Central Arizona College,Biotechnology,
Central Arizona College,"Business, Management, Marketing, and Related Support Services",
Central Arizona College,Accounting,
Central Arizona College,"Business Administration and Management, General",
Central Arizona College,"Business/Commerce, General",
Central Arizona College,"Hospitality Administration/Management, General",
Central Arizona College,"Hotel, Motel, and Restaurant Management",
Central Arizona College,Restaurant/Food Services Management,
Central Arizona College,Small Business Administration/Management,
Central Arizona College,"Communication, Journalism, and Related Programs",
Central Arizona College,Mass Communication/Media Studies,
Central Arizona College,Speech Communication and Rhetoric,
Central Arizona College,Communications Technologies/Technicians and Support Services,
Central Arizona College,Prepress/Desktop Publishing and Digital Imaging Design,
Central Arizona College,Recording Arts Technology/Technician,
Central Arizona College,Computer and Information Sciences and Support Services,
Central Arizona College,"Computer and Information Sciences, General",
Central Arizona College,"Computer Programming, Specific Applications",
Central Arizona College,"Computer Programming/Programmer, General",
Central Arizona College,"Computer Software and Media Applications, Other",
Central Arizona College,Computer Systems Networking and Telecommunications,
Central Arizona College,"Computer/Information Technology Services Administration and Management, Other",
Central Arizona College,Digital/Multimedia and Information Resources Design,
Central Arizona College,Construction Trades,
Central Arizona College,Building/Home/Construction Inspection/Inspector,
Central Arizona College,Building/Property Maintenance,
Central Arizona College,Carpentry/Carpenter,
Central Arizona College,"Construction Trades, General",
Central Arizona College,Electrician,
Central Arizona College,Mason/Masonry,
Central Arizona College,"Culinary, Entertainment, and Personal Services",
Central Arizona College,Baking and Pastry Arts/Baker/Pastry Chef,
Central Arizona College,"Cooking and Related Culinary Arts, General",
Central Arizona College,Culinary Arts/Chef Training,
Central Arizona College,Institutional Food Workers,
Central Arizona College,Education,
Central Arizona College,Early Childhood Education and Teaching,
Central Arizona College,"Education, General",
Central Arizona College,Elementary Education and Teaching,
Central Arizona College,Physical Education Teaching and Coaching,
Central Arizona College,Engineering,
Central Arizona College,"Engineering, Other",
Central Arizona College,"Mechatronics, Robotics, and Automation Engineering",
Central Arizona College,Engineering/Engineering-related Technologies/Technicians,
Central Arizona College,CAD/CADD Drafting and/or Design Technology/Technician,
Central Arizona College,"Drafting and Design Technology/Technician, General",
Central Arizona College,"Electrical, Electronic, and Communications Engineering Technology/Technician",
Central Arizona College,"Engineering/Engineering-Related Technologies/Technicians, Other",
Central Arizona College,"Heating, Ventilation, Air Conditioning and Refrigeration Engineering Technology/Technician",
Central Arizona College,Manufacturing Engineering Technology/Technician,
Central Arizona College,Solar Energy Technology/Technician,
Central Arizona College,Family and Consumer Sciences/Human Sciences,
Central Arizona College,Child Development,
Central Arizona College,"Foods, Nutrition, and Related Services, Other",
Central Arizona College,"Foods, Nutrition, and Wellness Studies, General",
Central Arizona College,Health Professions and Related Programs,
Central Arizona College,Athletic Training/Trainer,
Central Arizona College,Clinical Nutrition/Nutritionist,
Central Arizona College,Clinical/Medical Laboratory Assistant,
Central Arizona College,Clinical/Medical Laboratory Technician,
Central Arizona College,Community Health and Preventive Medicine,
Central Arizona College,Diagnostic Medical Sonography/Sonographer and Ultrasound Technician,
Central Arizona College,Dietetic Technician,
Central Arizona College,Dietetics/Dietitian,
Central Arizona College,Emergency Medical Technology/Technician (EMT Paramedic),
Central Arizona College,Health Information/Medical Records Administration/Administrator,
Central Arizona College,Licensed Practical/Vocational Nurse Training,
Central Arizona College,Massage Therapy/Therapeutic Massage,
Central Arizona College,Medical Administrative/Executive Assistant and Medical Secretary,
Central Arizona College,Medical Insurance Coding Specialist/Coder,
Central Arizona College,Medical Insurance Specialist/Medical Biller,
Central Arizona College,Medical Transcription/Transcriptionist,
Central Arizona College,Medical/Clinical Assistant,
Central Arizona College,Pharmacy Technician/Assistant,
Central Arizona College,Phlebotomy Technician/Phlebotomist,
Central Arizona College,"Practical Nursing, Vocational Nursing and Nursing Assistants, Other",
Central Arizona College,Radiologic Technology/Science - Radiographer,
Central Arizona College,Registered Nursing/Registered Nurse,
Central Arizona College,"Homeland Security, Law Enforcement, Firefighting and Related Protective Services",
Central Arizona College,Corrections,
Central Arizona College,Criminal Justice/Safety Studies,
Central Arizona College,Fire Prevention and Safety Technology/Technician,
Central Arizona College,Fire Science/Fire-fighting,
Central Arizona College,"Liberal Arts and Sciences, General Studies and Humanities",
Central Arizona College,General Studies,
Central Arizona College,Liberal Arts and Sciences/Liberal Studies,
Central Arizona College,Mechanic and Repair Technologies/Technicians,
Central Arizona College,Automobile/Automotive Mechanics Technology/Technician,
Central Arizona College,Diesel Mechanics Technology/Technician,
Central Arizona College,Industrial Mechanics and Maintenance Technology/Technician,
Central Arizona College,Military Technologies and Applied Sciences,
Central Arizona College,Cyber/Electronic Operations and Warfare,
Central Arizona College,Multi/Interdisciplinary Studies,
Central Arizona College,Accounting and Computer Science,
Central Arizona College,Biological and Physical Sciences,
Central Arizona College,"Parks, Recreation, Leisure, Fitness, and Kinesiology",
Central Arizona College,"Parks, Recreation, and Leisure Facilities Management, General",
Central Arizona College,"Parks, Recreation, and Leisure Studies",
Central Arizona College,"Sports, Kinesiology, and Physical Education/Fitness, General",
Central Arizona College,Physical Sciences,
Central Arizona College,"Chemistry, General",
Central Arizona College,"Geology/Earth Science, General",
Central Arizona College,Precision Production,
Central Arizona College,Upholstery/Upholsterer,
Central Arizona College,Welding Technology/Welder,
Central Arizona College,Public Administration and Social Service Professions,
Central Arizona College,Public Administration,
Central Arizona College,Science Technologies/Technicians,
Central Arizona College,Biology/Biotechnology Technology/Technician,
Central Arizona College,Transportation and Materials Moving,
Central Arizona College,Construction/Heavy Equipment/Earthmoving Equipment Operation,
Central Arizona College,"Ground Transportation, Other",
Central Arizona College,Visual and Performing Arts,
Central Arizona College,"Arts, Entertainment, and Media Management, General",
Central Arizona College,"Fine/Studio Arts, General",
Central Arizona College,Graphic Design,
Central Arizona College,"Music Performance, General",
Central Arizona College,Music Technology,
Central Arizona College,Technical Theatre/Theatre Design and Technology,
Charles of Italy Beauty College,"Cosmetology/Cosmetologist, General",
Charles of Italy Beauty College,Nail Technician/Specialist and Manicurist,
Charles of Italy Beauty College,Massage Therapy/Therapeutic Massage,
Charles of Italy Beauty College,Technical Teacher Education,
Cochise County Community College District,"Agricultural Business and Management, General",
Cochise County Community College District,Agronomy and Crop Science,
Cochise County Community College District,"Animal Sciences, General",
Cochise County Community College District,Crop Production,
Cochise County Community College District,Ornamental Horticulture,
Cochise County Community College District,"Biology/Biological Sciences, General",
Cochise County Community College District,"Business Administration and Management, General",
Cochise County Community College District,Executive/Career Coaching,
Cochise County Community College District,"Logistics, Materials, and Supply Chain Management",
Cochise County Community College District,Taxation,
Cochise County Community College District,Digital Communication and Media/Multimedia,
Cochise County Community College District,Journalism,
Cochise County Community College District,Speech Communication and Rhetoric,
Cochise County Community College District,Communications Technology/Technician,
Cochise County Community College District,Computer and Information Systems Security/Auditing/Information Assurance,
Cochise County Community College District,"Computer Programming, Vendor/Product Certification",
Cochise County Community College District,"Computer Programming/Programmer, General",
Cochise County Community College District,Computer Science,
Cochise County Community College District,Computer Systems Networking and Telecommunications,
Cochise County Community College District,Information Science/Studies,
Cochise County Community College District,"Modeling, Virtual Environments and Simulation",
Cochise County Community College District,Network and System Administration/Administrator,
Cochise County Community College District,Web/Multimedia Management and Webmaster,
Cochise County Community College District,Building Construction Technology/Technician,
Cochise County Community College District,Carpentry/Carpenter,
Cochise County Community College District,"Construction Trades, General",
Cochise County Community College District,Lineworker,
Cochise County Community College District,Baking and Pastry Arts/Baker/Pastry Chef,
Cochise County Community College District,"Cooking and Related Culinary Arts, General",
Cochise County Community College District,Culinary Arts/Chef Training,
Cochise County Community College District,Food Preparation/Professional Cooking/Kitchen Assistant,
Cochise County Community College District,Adult and Continuing Education and Teaching,
Cochise County Community College District,Early Childhood Education and Teaching,
Cochise County Community College District,Elementary Education and Teaching,
Cochise County Community College District,"Engineering, General",
Cochise County Community College District,CAD/CADD Drafting and/or Design Technology/Technician,
Cochise County Community College District,"Electrical, Electronic, and Communications Engineering Technology/Technician",
Cochise County Community College District,Robotics Technology/Technician,
Cochise County Community College District,English Language and Literature/Letters,
Cochise County Community College District,"English Language and Literature, General",
Cochise County Community College District,Electrocardiograph Technology/Technician,
Cochise County Community College District,Emergency Medical Technology/Technician (EMT Paramedic),
Cochise County Community College District,"Health Services/Allied Health/Health Sciences, General",
Cochise County Community College District,Home Health Aide/Home Attendant,
Cochise County Community College District,Licensed Practical/Vocational Nurse Training,
Cochise County Community College District,Medical Insurance Coding Specialist/Coder,
Cochise County Community College District,Medical/Clinical Assistant,
Cochise County Community College District,Nursing Assistant/Aide and Patient Care Assistant/Aide,
Cochise County Community College District,Phlebotomy Technician/Phlebotomist,
Cochise County Community College District,Registered Nursing/Registered Nurse,
Cochise County Community College District,Respiratory Care Therapy/Therapist,
Cochise County Community College District,Criminal Justice/Police Science,
Cochise County Community College District,Fire Science/Fire-fighting,
Cochise County Community College District,General Studies,
Cochise County Community College District,Liberal Arts and Sciences/Liberal Studies,
Cochise County Community College District,"Mathematics, General",
Cochise County Community College District,Automobile/Automotive Mechanics Technology/Technician,
Cochise County Community College District,Avionics Maintenance Technology/Technician,
Cochise County Community College District,Computer Installation and Repair Technology/Technician,
Cochise County Community College District,"Heating, Air Conditioning, Ventilation and Refrigeration Maintenance Technology/Technician",
Cochise County Community College District,Air and Space Operations Technology,
Cochise County Community College District,"Intelligence, General",
Cochise County Community College District,"Sports, Kinesiology, and Physical Education/Fitness, General",
Cochise County Community College District,Philosophy,
Cochise County Community College District,"Chemistry, General",
Cochise County Community College District,"Physics, General",
Cochise County Community College District,Welding Technology/Welder,
Cochise County Community College District,"Human Services, General",
Cochise County Community College District,"Economics, General",
Cochise County Community College District,"Social Sciences, General",
Cochise County Community College District,Airline/Commercial/Professional Pilot and Flight Crew,
Cochise County Community College District,Truck and Bus Driver/Commercial Vehicle Operator and Instructor,
Cochise County Community College District,"Art/Art Studies, General",
Cochise County Community College District,"Drama and Dramatics/Theatre Arts, General",
Cochise County Community College District,"Music, General",
Empire Beauty School-Chandler,"Cosmetology/Cosmetologist, General",
Empire Beauty School-Chandler,Aesthetician/Esthetician and Skin Care Specialist,
Empire Beauty School-Chandler,"Cosmetology, Barber/Styling, and Nail Instructor",
Avalon Institute-Mesa,Aesthetician/Esthetician and Skin Care Specialist,
Avalon Institute-Mesa,"Cosmetology, Barber/Styling, and Nail Instructor",
Avalon Institute-Mesa,"Cosmetology/Cosmetologist, General",
Eastern Arizona College,Biological and Biomedical Sciences,
Eastern Arizona College,"Biology/Biological Sciences, General",
Eastern Arizona College,Environmental Biology,
Eastern Arizona College,Wildlife Biology,
Eastern Arizona College,Accounting Technology/Technician and Bookkeeping,
Eastern Arizona College,"Administrative Assistant and Secretarial Science, General",
Eastern Arizona College,"Business Administration and Management, General",
Eastern Arizona College,"Business Operations Support and Secretarial Services, Other",
Eastern Arizona College,"Business, Management, Marketing, and Related Support Services, Other",
Eastern Arizona College,General Office Occupations and Clerical Services,
Eastern Arizona College,Organizational Leadership,
Eastern Arizona College,Project Management,
Eastern Arizona College,Retailing and Retail Operations,
Eastern Arizona College,Small Business Administration/Management,
Eastern Arizona College,Speech Communication and Rhetoric,
Eastern Arizona College,Photographic and Film/Video Technology/Technician,
Eastern Arizona College,"Computer and Information Sciences, Other",
Eastern Arizona College,"Computer and Information Sciences, General",
Eastern Arizona College,"Computer Programming/Programmer, General",
Eastern Arizona College,Computer Support Specialist,
Eastern Arizona College,Information Science/Studies,
Eastern Arizona College,"Building/Construction Finishing, Management, and Inspection, Other",
Eastern Arizona College,Carpentry/Carpenter,
Eastern Arizona College,Mason/Masonry,
Eastern Arizona College,"Cooking and Related Culinary Arts, General",
Eastern Arizona College,"Cosmetology, Barber/Styling, and Nail Instructor",
Eastern Arizona College,"Cosmetology/Cosmetologist, General",
Eastern Arizona College,Hair Styling/Stylist and Hair Design,
Eastern Arizona College,Manicurist/Technician and Manicurist,
Eastern Arizona College,Early Childhood Education and Teaching,
Eastern Arizona College,Elementary Education and Teaching,
Eastern Arizona College,Secondary Education and Teaching,
Eastern Arizona College,Civil Engineering Technologies/Technicians,
Eastern Arizona College,"Drafting and Design Technology/Technician, General",
Eastern Arizona College,Mining Technology/Technician,
Eastern Arizona College,Robotics Technology/Technician,
Eastern Arizona College,Solar Energy Technology/Technician,
Eastern Arizona College,"Writing, General",
Eastern Arizona College,"Foreign Languages and Literatures, General",
Eastern Arizona College,"Foreign Languages and Literatures, General",
Eastern Arizona College,Athletic Training/Trainer,
Eastern Arizona College,Dental Assisting/Assistant,
Eastern Arizona College,Emergency Medical Technology/Technician (EMT Paramedic),
Eastern Arizona College,Health Aide,
Eastern Arizona College,"Health Services/Allied Health/Health Sciences, General",
Eastern Arizona College,Licensed Practical/Vocational Nurse Training,
Eastern Arizona College,Medical Insurance Coding Specialist/Coder,
Eastern Arizona College,Medical Radiologic Technology/Science - Radiation Therapist,
Eastern Arizona College,Medical/Clinical Assistant,
Eastern Arizona College,Nursing Assistant/Aide and Patient Care Assistant/Aide,
Eastern Arizona College,Phlebotomy Technician/Phlebotomist,
Eastern Arizona College,Physical Therapy Assistant,
Eastern Arizona College,Pre-Chiropractic Studies,
Eastern Arizona College,Pre-Medicine/Pre-Medical Studies,
Eastern Arizona College,Pre-Optometry Studies,
Eastern Arizona College,Pre-Pharmacy Studies,
Eastern Arizona College,Pre-Physical Therapy Studies,
Eastern Arizona College,Registered Nursing/Registered Nurse,
Eastern Arizona College,"History, General",
Eastern Arizona College,Criminal Justice/Law Enforcement Administration,
Eastern Arizona College,Criminal Justice/Police Science,
Eastern Arizona College,General Studies,
Eastern Arizona College,"Liberal Arts and Sciences, General Studies and Humanities",
Eastern Arizona College,Liberal Arts and Sciences/Liberal Studies,
Eastern Arizona College,"Mathematics, General",
Eastern Arizona College,Appliance Installation and Repair Technology/Technician,
Eastern Arizona College,Automobile/Automotive Mechanics Technology/Technician,
Eastern Arizona College,Diesel Mechanics Technology/Technician,
Eastern Arizona College,"Heating, Air Conditioning, Ventilation and Refrigeration Maintenance Technology/Technician",
Eastern Arizona College,Industrial Electronics Technology/Technician,
Eastern Arizona College,Industrial Mechanics and Maintenance Technology/Technician,
Eastern Arizona College,"Vehicle Maintenance and Repair Technology/Technician, General",
Eastern Arizona College,"Multi-/Interdisciplinary Studies, Other",
Eastern Arizona College,"Forestry, General",
Eastern Arizona College,"Sports, Kinesiology, and Physical Education/Fitness, General",
Eastern Arizona College,"Chemistry, General",
Eastern Arizona College,"Geology/Earth Science, General",
Eastern Arizona College,"Physics, General",
Eastern Arizona College,Machine Shop Technology/Assistant,
Eastern Arizona College,Metal Fabricator,
Eastern Arizona College,Welding Technology/Welder,
Eastern Arizona College,"Psychology, General",
Eastern Arizona College,"Political Science and Government, General",
Eastern Arizona College,"Sociology, General",
Eastern Arizona College,Truck and Bus Driver/Commercial Vehicle Operator and Instructor,
Eastern Arizona College,Commercial and Advertising Art,
Eastern Arizona College,"Drama and Dramatics/Theatre Arts, General",
Eastern Arizona College,Film/Cinema/Media Studies,
Eastern Arizona College,Graphic Design,
Eastern Arizona College,"Music, General",
Embry-Riddle Aeronautical University-Prescott,Biological and Biomedical Sciences,
Embry-Riddle Aeronautical University-Prescott,"Biology/Biological Sciences, General",
Embry-Riddle Aeronautical University-Prescott,"Business Administration, Management and Operations, Other",
Embry-Riddle Aeronautical University-Prescott,International Business/Trade/Commerce,
Embry-Riddle Aeronautical University-Prescott,"Aerospace, Aeronautical, and Astronautical/Space Engineering, General",
Embry-Riddle Aeronautical University-Prescott,"Computer Engineering, General",
Embry-Riddle Aeronautical University-Prescott,Computer Software Engineering,
Embry-Riddle Aeronautical University-Prescott,Electrical and Electronics Engineering,
Embry-Riddle Aeronautical University-Prescott,Mechanical Engineering,
Embry-Riddle Aeronautical University-Prescott,Cyber/Computer Forensics and Counterterrorism,
Embry-Riddle Aeronautical University-Prescott,Financial Forensics and Fraud Investigation,
Embry-Riddle Aeronautical University-Prescott,Forensic Science and Technology,
Embry-Riddle Aeronautical University-Prescott,"Data Science, General",
Embry-Riddle Aeronautical University-Prescott,Astronomy,
Embry-Riddle Aeronautical University-Prescott,"Atmospheric Sciences and Meteorology, General",
Embry-Riddle Aeronautical University-Prescott,"Physics, Other",
Embry-Riddle Aeronautical University-Prescott,Applied Psychology,
Embry-Riddle Aeronautical University-Prescott,Forensic Psychology,
Embry-Riddle Aeronautical University-Prescott,Industrial and Organizational Psychology,
Embry-Riddle Aeronautical University-Prescott,International Relations and Affairs,
Embry-Riddle Aeronautical University-Prescott,"Aeronautics/Aviation/Aerospace Science and Technology, General",
Embry-Riddle Aeronautical University-Prescott,Air Traffic Controller,
Embry-Riddle Aeronautical University-Prescott,Aviation/Airway Management and Operations,
Embry-Riddle Aeronautical University-Prescott,Remote Aircraft Pilot,
Embry-Riddle Aeronautical University-Prescott,Game and Interactive Media Design,
The School of Architecture,Architectural and Building Sciences/Technology,
Glendale Community College,Architecture and Related Services,
Glendale Community College,Women's Studies,
Glendale Community College,Biological and Biomedical Sciences,
Glendale Community College,"Physiology, General",
Glendale Community College,"Business, Management, Marketing, and Related Support Services",
Glendale Community College,Accounting Technology/Technician and Bookkeeping,
Glendale Community College,"Administrative Assistant and Secretarial Science, General",
Glendale Community College,Banking and Financial Support Services,
Glendale Community College,"Business Administration and Management, General",
Glendale Community College,"Business/Commerce, General",
Glendale Community College,"Hospitality Administration/Management, General",
Glendale Community College,Insurance,
Glendale Community College,International Business/Trade/Commerce,
Glendale Community College,Real Estate,
Glendale Community College,"Sales, Distribution, and Marketing Operations, General",
Glendale Community College,Small Business Administration/Management,
Glendale Community College,Taxation,
Glendale Community College,Journalism,
Glendale Community College,Mass Communication/Media Studies,
Glendale Community College,Radio and Television,
Glendale Community College,Speech Communication and Rhetoric,
Glendale Community College,"Animation, Interactive Technology, Video Graphics, and Special Effects",
Glendale Community College,Photographic and Film/Video Technology/Technician,
Glendale Community College,Prepress/Desktop Publishing and Digital Imaging Design,
Glendale Community College,Recording Arts Technology/Technician,
Glendale Community College,"Computer and Information Sciences, General",
Glendale Community College,Computer and Information Systems Security/Auditing/Information Assurance,
Glendale Community College,"Computer Programming/Programmer, General",
Glendale Community College,Computer Science,
Glendale Community College,Computer Support Specialist,
Glendale Community College,Computer Systems Networking and Telecommunications,
Glendale Community College,Information Technology,
Glendale Community College,Web/Multimedia Management and Webmaster,
Glendale Community College,"Culinary Arts, General",
Glendale Community College,"Restaurant, Culinary, and Catering Management/Manager",
Glendale Community College,Pre-Engineering,
Glendale Community College,Biomedical Technology/Technician,
Glendale Community College,Electrical/Electronics Drafting and Electrical/Electronics CAD/CADD,
Glendale Community College,"Engineering Technologies/Technicians, General",
Glendale Community College,Manufacturing Engineering Technology/Technician,
Glendale Community College,Mechanical Drafting and Mechanical Drafting CAD/CADD,
Glendale Community College,English Language and Literature/Letters,
Glendale Community College,"English Language and Literature, General",
Glendale Community College,Child Care and Support Services Management,
Glendale Community College,Child Care Provider/Assistant,
Glendale Community College,"Foods, Nutrition, and Wellness Studies, General",
Glendale Community College,Foodservice Systems Administration/Management,
Glendale Community College,"Foreign Languages and Literatures, General",
Glendale Community College,"Foreign Languages, Literatures, and Linguistics, Other",
Glendale Community College,French Language and Literature,
Glendale Community College,Italian Language and Literature,
Glendale Community College,Japanese Language and Literature,
Glendale Community College,Spanish Language and Literature,
Glendale Community College,"Health/Medical Preparatory Programs, Other",
Glendale Community College,Hospital and Health Care Facilities Administration/Management,
Glendale Community College,Medical Administrative/Executive Assistant and Medical Secretary,
Glendale Community College,Medical Insurance Coding Specialist/Coder,
Glendale Community College,Medical/Clinical Assistant,
Glendale Community College,Registered Nursing/Registered Nurse,
Glendale Community College,Substance Abuse/Addiction Counseling,
Glendale Community College,"History, General",
Glendale Community College,Criminal Justice/Law Enforcement Administration,
Glendale Community College,Fire Prevention and Safety Technology/Technician,
Glendale Community College,Legal Administrative Assistant/Secretary,
Glendale Community College,"Liberal Arts and Sciences, General Studies and Humanities",
Glendale Community College,Liberal Arts and Sciences/Liberal Studies,
Glendale Community College,"Mathematics, General",
Glendale Community College,Electrical/Electronics Equipment Installation and Repair Technology/Technician,
Glendale Community College,Exercise Science and Kinesiology,
Glendale Community College,Physical Fitness Technician,
Glendale Community College,Transportation and Materials Moving,
Glendale Community College,"Art/Art Studies, General",
Glendale Community College,Ceramic Arts and Ceramics,
Glendale Community College,Commercial and Advertising Art,
Glendale Community College,"Dance, General",
Glendale Community College,"Dance, Other",
Glendale Community College,"Drama and Dramatics/Theatre Arts, General",
Glendale Community College,Graphic Design,
Glendale Community College,"Music, General",
Glendale Community College,Photography,
Glendale Community College,Technical Theatre/Theatre Design and Technology,
Glendale Community College,"Visual and Performing Arts, General",
Grand Canyon University,Biological and Biomedical Sciences,
Grand Canyon University,Biochemistry and Molecular Biology,
Grand Canyon University,"Biology/Biological Sciences, General",
Grand Canyon University,Cell/Cellular and Molecular Biology,
Grand Canyon University,"Business, Management, Marketing, and Related Support Services",
Grand Canyon University,Accounting,
Grand Canyon University,"Business Administration and Management, General",
Grand Canyon University,"Business/Commerce, General",
Grand Canyon University,Entrepreneurship/Entrepreneurial Studies,
Grand Canyon University,"Finance, General",
Grand Canyon University,Financial Risk Management,
Grand Canyon University,"Hospitality Administration/Management, General",
Grand Canyon University,"Human Resources Management/Personnel Administration, General",
Grand Canyon University,"Logistics, Materials, and Supply Chain Management",
Grand Canyon University,Management Science,
Grand Canyon University,"Marketing/Marketing Management, General",
Grand Canyon University,Project Management,
Grand Canyon University,"Communication, Journalism, and Related Programs",
Grand Canyon University,Advertising,
Grand Canyon University,"Communication, General",
Grand Canyon University,Speech Communication and Rhetoric,
Grand Canyon University,Computer and Information Sciences and Support Services,
Grand Canyon University,"Computer and Information Sciences, General",
Grand Canyon University,Computer and Information Systems Security/Auditing/Information Assurance,
Grand Canyon University,"Computer Programming/Programmer, General",
Grand Canyon University,Computer Science,
Grand Canyon University,"Computer/Information Technology Services Administration and Management, Other",
Grand Canyon University,Information Technology,
Grand Canyon University,Education,
Grand Canyon University,Adult and Continuing Education and Teaching,
Grand Canyon University,Biology Teacher Education,
Grand Canyon University,Chemistry Teacher Education,
Grand Canyon University,Counselor Education/School Counseling and Guidance Services,
Grand Canyon University,Curriculum and Instruction,
Grand Canyon University,Drama and Dance Teacher Education,
Grand Canyon University,Early Childhood Education and Teaching,
Grand Canyon University,"Education, General",
Grand Canyon University,Education/Teaching of Individuals in Early Childhood Special Education Programs,
Grand Canyon University,Education/Teaching of Individuals in Elementary Special Education Programs,
Grand Canyon University,Education/Teaching of Individuals with Autism,
Grand Canyon University,"Educational Leadership and Administration, General",
Grand Canyon University,"Educational, Instructional, and Curriculum Supervision",
Grand Canyon University,Educational/Instructional Technology,
Grand Canyon University,Elementary Education and Teaching,
Grand Canyon University,English/Language Arts Teacher Education,
Grand Canyon University,Higher Education/Higher Education Administration,
Grand Canyon University,History Teacher Education,
Grand Canyon University,Mathematics Teacher Education,
Grand Canyon University,Music Teacher Education,
Grand Canyon University,Physical Education Teaching and Coaching,
Grand Canyon University,Reading Teacher Education,
Grand Canyon University,Secondary Education and Teaching,
Grand Canyon University,Social Science Teacher Education,
Grand Canyon University,"Special Education and Teaching, General",
Grand Canyon University,"Teacher Education, Multiple Levels",
Grand Canyon University,Teaching English as a Second or Foreign Language/ESL Language Instructor,
Grand Canyon University,Engineering,
Grand Canyon University,Bioengineering and Biomedical Engineering,
Grand Canyon University,"Computer Engineering, General",
Grand Canyon University,Computer Software Engineering,
Grand Canyon University,Electrical and Electronics Engineering,
Grand Canyon University,"Engineering, General",
Grand Canyon University,Environmental/Environmental Health Engineering,
Grand Canyon University,Industrial Engineering,
Grand Canyon University,Mechanical Engineering,
Grand Canyon University,"Engineering Technologies/Technicians, Other",
Grand Canyon University,Mechanical/Mechanical Engineering Technology/Technician,
Grand Canyon University,English Language and Literature/Letters,
Grand Canyon University,General Literature,
Grand Canyon University,"Professional, Technical, Business, and Scientific Writing",
Grand Canyon University,Family and Consumer Sciences/Human Sciences,
Grand Canyon University,Human Nutrition,
Grand Canyon University,"Foreign Languages, Literatures, and Linguistics",
Grand Canyon University,Spanish Language and Literature,
Grand Canyon University,Health Professions and Related Programs,
Grand Canyon University,Athletic Training/Trainer,
Grand Canyon University,"Clinical/Medical Laboratory Science and Allied Professions, Other",
Grand Canyon University,Critical Care Nursing,
Grand Canyon University,Dietetics/Dietitian,
Grand Canyon University,Family Practice Nurse/Nursing,
Grand Canyon University,"Health and Wellness, General",
Grand Canyon University,Health Information/Medical Records Administration/Administrator,
Grand Canyon University,Hospital and Health Care Facilities Administration/Management,
Grand Canyon University,Marriage and Family Therapy/Counseling,
Grand Canyon University,"Mental and Social Health Services and Allied Professions, Other",
Grand Canyon University,Mental Health Counseling/Counselor,
Grand Canyon University,Nursing Administration,
Grand Canyon University,Nursing Practice,
Grand Canyon University,Psychiatric/Mental Health Services Technician,
Grand Canyon University,"Public Health, General",
Grand Canyon University,Public Health/Community Nurse/Nursing,
Grand Canyon University,Registered Nursing/Registered Nurse,
Grand Canyon University,Substance Abuse/Addiction Counseling,
Grand Canyon University,History,
Grand Canyon University,"History, General",
Grand Canyon University,"Homeland Security, Law Enforcement, Firefighting and Related Protective Services",
Grand Canyon University,Criminal Justice/Law Enforcement Administration,
Grand Canyon University,Criminal Justice/Police Science,
Grand Canyon University,Criminal Justice/Safety Studies,
Grand Canyon University,Crisis/Emergency/Disaster Management,
Grand Canyon University,Cyber/Computer Forensics and Counterterrorism,
Grand Canyon University,Forensic Science and Technology,
Grand Canyon University,Homeland Security,
Grand Canyon University,Mathematics and Statistics,
Grand Canyon University,"Statistics, General",
Grand Canyon University,Natural Resources and Conservation,
Grand Canyon University,Environmental Science,
Grand Canyon University,"Parks, Recreation, Leisure, Fitness, and Kinesiology",
Grand Canyon University,Exercise Science and Kinesiology,
Grand Canyon University,Sport and Fitness Administration/Management,
Grand Canyon University,Physical Sciences,
Grand Canyon University,"Chemistry, General",
Grand Canyon University,Psychology,
Grand Canyon University,"Psychology, General",
Grand Canyon University,"Psychology, Other",
Grand Canyon University,Public Administration and Social Service Professions,
Grand Canyon University,Community Organization and Advocacy,
Grand Canyon University,"Human Services, General",
Grand Canyon University,Public Administration,
Grand Canyon University,Social Work,
Grand Canyon University,Social Sciences,
Grand Canyon University,"Economics, General",
Grand Canyon University,"Political Science and Government, Other",
Grand Canyon University,Theology and Religious Vocations,
Grand Canyon University,Bible/Biblical Studies,
Grand Canyon University,Divinity/Ministry,
Grand Canyon University,Pre-Theology/Pre-Ministerial Studies,
Grand Canyon University,Religious Education,
Grand Canyon University,Visual and Performing Arts,
Grand Canyon University,"Arts, Entertainment, and Media Management, General",
Grand Canyon University,Cinematography and Film/Video Production,
Grand Canyon University,"Dance, General",
Grand Canyon University,Digital Arts,
Grand Canyon University,"Drama and Dramatics/Theatre Arts, General",
Grand Canyon University,Graphic Design,
Grand Canyon University,"Music, General",
GateWay Community College,Accounting,
GateWay Community College,Accounting Technology/Technician and Bookkeeping,
GateWay Community College,"Administrative Assistant and Secretarial Science, General",
GateWay Community College,"Business Administration and Management, General",
GateWay Community College,Executive Assistant/Executive Secretary,
GateWay Community College,"Computer/Information Technology Services Administration and Management, Other",
GateWay Community College,Information Science/Studies,
GateWay Community College,Network and System Administration/Administrator,
GateWay Community College,"System, Networking, and LAN/WAN Management/Manager",
GateWay Community College,"Web Page, Digital/Multimedia and Information Resources Design",
GateWay Community College,Education/Teaching of Individuals in Early Childhood Special Education Programs,
GateWay Community College,Junior High/Intermediate/Middle School Education and Teaching,
GateWay Community College,Kindergarten/Preschool Education and Teaching,
GateWay Community College,Environmental/Environmental Health Engineering,
GateWay Community College,"Electrical, Electronic, and Communications Engineering Technology/Technician",
GateWay Community College,Electromechanical/Electromechanical Engineering Technology/Technician,
GateWay Community College,Mechanical Drafting and Mechanical Drafting CAD/CADD,
GateWay Community College,Mechanical/Mechanical Engineering Technology/Technician,
GateWay Community College,Child Development,
GateWay Community College,Health Information/Medical Records Technology/Technician,
GateWay Community College,Health/Health Care Administration/Management,
GateWay Community College,Licensed Practical/Vocational Nurse Training,
GateWay Community College,Medical Insurance Coding Specialist/Coder,
GateWay Community College,Medical Radiologic Technology/Science - Radiation Therapist,
GateWay Community College,Medical/Clinical Assistant,
GateWay Community College,Respiratory Care Therapy/Therapist,
GateWay Community College,Sterile Processing Technology/Technician,
GateWay Community College,Criminal Justice/Law Enforcement Administration,
GateWay Community College,Criminal Justice/Police Science,
GateWay Community College,Fire Science/Fire-fighting,
GateWay Community College,Legal Assistant/Paralegal,
GateWay Community College,General Studies,
GateWay Community College,Humanities/Humanistic Studies,
GateWay Community College,Liberal Arts and Sciences/Liberal Studies,
GateWay Community College,Environmental Studies,
GateWay Community College,Computer Numerically Controlled (CNC) Machinist Technology/CNC Machinist,
GateWay Community College,Welding Technology/Welder,
GateWay Community College,Social Work,
Mesa Community College,,PARSE ERROR: No JSON list found in GPT output
Mohave Community College,Biological and Biomedical Sciences,
Mohave Community College,"Biology/Biological Sciences, General",
Mohave Community College,"Business, Management, Marketing, and Related Support Services",
Mohave Community College,Accounting,
Mohave Community College,Accounting Technology/Technician and Bookkeeping,
Mohave Community College,"Business Administration and Management, General",
Mohave Community College,"Business/Commerce, General",
Mohave Community College,Entrepreneurship/Entrepreneurial Studies,
Mohave Community College,Operations Management and Supervision,
Mohave Community College,Retail Management,
Mohave Community College,Computer and Information Sciences and Support Services,
Mohave Community College,"Computer and Information Sciences and Support Services, Other",
Mohave Community College,"Computer and Information Sciences, General",
Mohave Community College,Computer and Information Systems Security/Auditing/Information Assurance,
Mohave Community College,Computer Game Programming,
Mohave Community College,Computer Graphics,
Mohave Community College,Computer Science,
Mohave Community College,Computer Systems Analysis/Analyst,
Mohave Community College,Computer Systems Networking and Telecommunications,
Mohave Community College,Network and System Administration/Administrator,
Mohave Community College,"Web Page, Digital/Multimedia and Information Resources Design",
Mohave Community College,Construction Trades,
Mohave Community College,"Electrical and Power Transmission Installation/Installer, General",
Mohave Community College,Electrician,
Mohave Community College,"Culinary, Entertainment, and Personal Services",
Mohave Community College,Baking and Pastry Arts/Baker/Pastry Chef,
Mohave Community College,"Cooking and Related Culinary Arts, General",
Mohave Community College,Education,
Mohave Community College,Early Childhood Education and Teaching,
Mohave Community College,"Education, General",
Mohave Community College,Elementary Education and Teaching,
Mohave Community College,Secondary Education and Teaching,
Mohave Community College,Engineering,
Mohave Community College,"Engineering, General",
Mohave Community College,English Language and Literature/Letters,
Mohave Community College,"English Language and Literature, General",
Mohave Community College,Health Professions and Related Programs,
Mohave Community College,Dental Assisting/Assistant,
Mohave Community College,Dental Hygiene/Hygienist,
Mohave Community College,Emergency Medical Technology/Technician (EMT Paramedic),
Mohave Community College,Health Information/Medical Records Technology/Technician,
Mohave Community College,Medical Insurance Coding Specialist/Coder,
Mohave Community College,Medical Radiologic Technology/Science - Radiation Therapist,
Mohave Community College,Medical/Clinical Assistant,
Mohave Community College,Phlebotomy Technician/Phlebotomist,
Mohave Community College,Physical Therapy Assistant,
Mohave Community College,"Practical Nursing, Vocational Nursing and Nursing Assistants, Other",
Mohave Community College,Registered Nursing/Registered Nurse,
Mohave Community College,Substance Abuse/Addiction Counseling,
Mohave Community College,Surgical Technology/Technologist,
Mohave Community College,"History, General",
Mohave Community College,"History, Other",
Mohave Community College,"Homeland Security, Law Enforcement, Firefighting and Related Protective Services",
Mohave Community College,Corrections,
Mohave Community College,Criminal Justice/Police Science,
Mohave Community College,Criminal Justice/Safety Studies,
Mohave Community College,"Fire Protection, Other",
Mohave Community College,Fire Science/Fire-fighting,
Mohave Community College,Legal Professions and Studies,
Mohave Community College,Legal Assistant/Paralegal,
Mohave Community College,"Liberal Arts and Sciences, General Studies and Humanities",
Mohave Community College,General Studies,
Mohave Community College,Liberal Arts and Sciences/Liberal Studies,
Mohave Community College,Mathematics and Statistics,
Mohave Community College,"Mathematics, General",
Mohave Community College,Mechanic and Repair Technologies/Technicians,
Mohave Community College,Autobody/Collision and Repair Technology/Technician,
Mohave Community College,Automobile/Automotive Mechanics Technology/Technician,
Mohave Community College,Computer Installation and Repair Technology/Technician,
Mohave Community College,"Electrical/Electronics Maintenance and Repair Technologies/Technicians, Other",
Mohave Community College,"Heating, Air Conditioning, Ventilation and Refrigeration Maintenance Technology/Technician",
Mohave Community College,"Vehicle Maintenance and Repair Technology/Technician, General",
Mohave Community College,Multi/Interdisciplinary Studies,
Mohave Community College,Behavioral Sciences,
Mohave Community College,Natural Sciences,
Mohave Community College,"Chemistry, General",
Mohave Community College,"Geology/Earth Science, General",
Mohave Community College,Physical Sciences,
Mohave Community College,Welding Technology/Welder,
Mohave Community College,"Psychology, General",
Mohave Community College,"Social Sciences, General",
Mohave Community College,"Art/Art Studies, General",
Mohave Community College,"Design and Visual Communications, General",
Mohave Community College,"Fine Arts and Art Studies, Other",
Universal Technical Institute of Arizona Inc-Motorcycle Mechanics Institute Division,Mechanic and Repair Technologies/Technicians,
Universal Technical Institute of Arizona Inc-Motorcycle Mechanics Institute Division,Motorcycle Maintenance and Repair Technology/Technician,
